City_ID,City,Country,Lat,Lng,Max Temp,Humidity,Cloudiness,Wind Speed,City Weather Description
0,Hilo,US,19.7297,-155.09,83.28,82,20,4.61,few clouds
1,Mahebourg,MU,-20.4081,57.7,76.24,78,40,4.61,scattered clouds
2,Bonthe,SL,7.5264,-12.505,79.47,79,21,5.97,few clouds
3,Tuktoyaktuk,CA,69.4541,-133.0374,-0.4,85,100,8.05,light snow
4,Kapaa,US,22.0752,-159.319,80.92,85,0,9.22,clear sky
5,Abu Kamal,SY,34.4506,40.9171,61.32,67,71,5.14,broken clouds
6,Butaritari,KI,3.0707,172.7902,81.1,77,18,13.18,few clouds
7,Nanortalik,GL,60.1432,-45.2371,29.98,83,100,18.66,overcast clouds
8,Ahipara,NZ,-35.1667,173.1667,61.25,68,99,15.93,overcast clouds
9,Ambanja,MG,-13.6833,48.45,73.81,93,36,0.67,moderate rain
10,Prainha,BR,-1.8,-53.48,84.9,66,64,4.68,broken clouds
11,Ushuaia,AR,-54.8,-68.3,53.26,50,75,27.63,broken clouds
12,Sao Filipe,CV,14.8961,-24.4956,76.23,65,68,8.32,broken clouds
13,Hobart,AU,-42.8794,147.3294,52.05,77,75,4.61,broken clouds
14,Svetlyy,RU,54.675,20.1347,35.65,93,100,7.34,overcast clouds
15,Port Lavaca,US,28.615,-96.6261,62.92,58,0,19.57,clear sky
16,Vila Franca Do Campo,PT,37.7167,-25.4333,63.19,84,84,3.62,broken clouds
17,Shush,IR,32.1942,48.2436,71.31,55,35,5.39,light rain
18,Oudtshoorn,ZA,-33.5907,22.2014,61.16,67,10,2.59,clear sky
19,Mahibadhoo,MV,3.7833,72.9667,80.55,69,39,4.52,scattered clouds
20,Half Moon Bay,US,37.4636,-122.4286,57.9,63,20,8.05,few clouds
21,Lebu,CL,-37.6167,-73.65,56.37,64,0,20.87,clear sky
22,Mar Del Plata,AR,-38.0023,-57.5575,67.08,92,100,20.0,moderate rain
23,Maniitsoq,GL,65.4167,-52.9,21.9,78,100,35.77,overcast clouds
24,Hithadhoo,MV,-0.6,73.0833,81.21,74,46,6.78,scattered clouds
25,Avera,US,33.194,-82.5271,68.56,71,77,12.01,broken clouds
26,Iqaluit,CA,63.7506,-68.5145,-20.31,68,20,12.66,few clouds
27,Onda,ES,39.9667,-0.25,54.05,82,98,3.69,overcast clouds
28,Ribeira Grande,PT,38.5167,-28.7,63.0,67,75,7.0,broken clouds
29,Rikitea,PF,-23.1203,-134.9692,72.27,72,100,13.62,overcast clouds
30,Padang,ID,-0.9492,100.3543,75.4,95,100,2.8,light rain
31,East London,ZA,-33.0153,27.9116,72.64,88,100,13.24,overcast clouds
32,Togur,RU,58.3631,82.8265,-23.24,100,11,1.07,few clouds
33,Dikson,RU,73.5069,80.5464,22.03,94,100,11.23,overcast clouds
34,Amalapuram,IN,16.5833,82.0167,72.63,87,1,3.83,clear sky
35,Stornoway,GB,58.2093,-6.3865,49.96,93,75,18.41,broken clouds
36,Linqiong,CN,30.4159,103.4609,42.62,94,100,3.36,overcast clouds
37,Wuxue,CN,29.8506,115.5525,30.78,96,100,2.86,snow
38,Busselton,AU,-33.65,115.3333,62.01,82,99,8.9,overcast clouds
39,Longyearbyen,SJ,78.2186,15.6401,35.44,87,100,14.97,light shower sleet
40,Leningradskiy,RU,69.3833,178.4167,1.29,97,91,4.32,overcast clouds
41,Punta Arenas,CL,-53.15,-70.9167,55.42,50,75,31.07,broken clouds
42,Kodiak,US,57.79,-152.4072,15.31,73,0,5.75,clear sky
43,Arraial Do Cabo,BR,-22.9661,-42.0278,75.16,94,100,19.57,light rain
44,Albany,US,42.6001,-73.9662,51.73,92,100,4.0,light rain
45,Kyra,RU,49.5776,111.9753,-11.11,81,20,7.61,few clouds
46,Saldanha,ZA,-33.0117,17.9442,64.45,91,0,10.09,clear sky
47,Puerto Ayora,EC,-0.7393,-90.3518,78.76,86,69,7.0,broken clouds
48,Port Lincoln,AU,-34.7333,135.8667,57.18,80,9,13.27,clear sky
49,Georgetown,MY,5.4112,100.3354,81.23,90,20,3.44,few clouds
50,Filingue,NE,14.3521,3.3168,77.63,14,19,6.58,few clouds
51,Vila Velha,BR,-20.3297,-40.2925,78.75,83,100,11.5,overcast clouds
52,Hasaki,JP,35.7333,140.8333,54.28,76,100,22.1,overcast clouds
53,Raudeberg,NO,61.9875,5.1352,41.95,72,11,8.43,few clouds
54,Japura,ID,-0.3167,102.35,73.15,99,100,3.47,moderate rain
55,Bluff,NZ,-46.6,168.3333,50.81,78,96,15.3,overcast clouds
56,Naze,JP,28.3667,129.4833,58.12,79,100,19.53,overcast clouds
57,Erzin,TR,36.9559,36.2,59.14,75,77,3.18,broken clouds
58,Morondava,MG,-20.2833,44.2833,78.51,75,93,1.77,overcast clouds
59,Chokurdakh,RU,70.6333,147.9167,-1.93,96,100,9.4,overcast clouds
60,New Norfolk,AU,-42.7826,147.0587,51.71,70,6,2.57,clear sky
61,Ihosy,MG,-22.4,46.1167,69.17,70,78,1.63,broken clouds
62,Milkovo,RU,54.7167,158.6167,7.7,96,77,3.6,broken clouds
63,Bredasdorp,ZA,-34.5322,20.0403,64.06,79,59,2.75,broken clouds
64,Cape Town,ZA,-33.9258,18.4232,69.28,73,0,10.36,clear sky
65,Mafeteng,LS,-29.823,27.2374,68.45,44,89,4.59,overcast clouds
66,Roseburg,US,43.2165,-123.3417,47.17,91,100,0.0,mist
67,Mataura,NZ,-46.1927,168.8643,50.49,59,86,4.9,overcast clouds
68,Hamilton,US,39.1834,-84.5333,40.14,53,0,17.27,clear sky
69,Beyneu,KZ,45.3167,55.2,23.9,29,0,6.04,clear sky
70,Carnarvon,AU,-24.8667,113.6333,69.12,82,3,17.38,clear sky
71,Kenai,US,60.5544,-151.2583,-2.11,78,40,4.61,scattered clouds
72,Atuona,PF,-9.8,-139.0333,77.86,75,55,16.93,broken clouds
73,Komsomolskiy,UZ,40.4272,71.7189,47.12,87,25,6.91,scattered clouds
74,Lavrentiya,RU,65.5833,-171.0,26.17,89,82,9.64,broken clouds
75,Sao Joao Da Barra,BR,-21.6403,-41.0511,77.09,90,100,14.16,overcast clouds
76,Fortuna,US,40.5982,-124.1573,55.35,65,100,23.02,overcast clouds
77,Ibra,OM,22.6906,58.5334,69.49,35,98,3.51,overcast clouds
78,Lethem,GY,3.3803,-59.7968,87.69,54,54,8.3,broken clouds
79,Victoria,HK,22.2855,114.1577,64.26,80,100,15.99,overcast clouds
80,Port Elizabeth,ZA,-33.918,25.5701,69.1,85,0,13.8,clear sky
81,Marawi,PH,7.9986,124.2928,66.92,95,24,1.39,few clouds
82,Severo-Kurilsk,RU,50.6789,156.125,29.01,83,45,9.53,scattered clouds
83,Sayansk,RU,54.1088,102.1648,-4.04,88,95,7.31,overcast clouds
84,Vylkove,UA,45.4021,29.586,40.69,70,100,12.64,overcast clouds
85,Platanos,GR,37.6667,21.6167,57.56,90,100,6.69,overcast clouds
86,Airai,TL,-8.9266,125.4092,60.58,93,100,0.85,overcast clouds
87,Kirkwall,GB,58.9848,-2.9587,46.96,81,100,18.41,overcast clouds
88,Jamestown,US,42.097,-79.2353,36.01,71,100,24.0,overcast clouds
89,Zhuhai,CN,22.2769,113.5678,62.31,88,40,20.71,scattered clouds
90,Baru,ID,-7.0525,112.3901,74.5,89,99,8.05,overcast clouds
91,Bahia Honda,CU,22.9036,-83.1592,83.26,67,17,9.91,few clouds
92,Samarai,PG,-10.6167,150.6667,81.5,78,100,6.91,overcast clouds
93,Constitucion,CL,-35.3333,-72.4167,62.2,65,0,19.24,clear sky
94,Itarema,BR,-2.9248,-39.9167,81.68,67,90,15.01,overcast clouds
95,Port Alfred,ZA,-33.5906,26.891,66.18,94,100,8.93,overcast clouds
96,Barrow,US,71.2906,-156.7887,28.42,93,100,17.27,light snow
97,Avarua,CK,-21.2078,-159.775,80.65,78,75,16.11,broken clouds
98,Atherton,GB,53.5237,-2.4935,43.9,92,47,1.99,scattered clouds
99,Pafos,CY,34.7667,32.4167,62.38,88,40,4.61,scattered clouds
100,Hays,US,30.0502,-98.0336,57.22,40,0,7.0,clear sky
101,Ostrovnoy,RU,68.0531,39.5131,19.85,94,82,7.81,broken clouds
102,Longkou,CN,37.6508,120.3286,33.48,53,100,18.99,overcast clouds
103,Longview,US,32.5007,-94.7405,57.45,29,0,10.36,clear sky
104,Severnyy,RU,50.677,36.5532,26.64,63,0,15.66,clear sky
105,Arecibo,PR,18.4724,-66.7157,84.29,72,0,3.0,clear sky
106,Castro,BR,-24.7911,-50.0119,69.4,83,81,2.42,broken clouds
107,Kadur,IN,13.5533,76.0131,63.99,66,0,2.62,clear sky
108,Nalut,LY,30.3333,10.85,52.81,46,0,7.61,clear sky
109,Souillac,MU,-20.5167,57.5167,75.58,78,40,4.61,light rain
110,Hobyo,SO,5.3505,48.5268,79.75,75,10,12.84,clear sky
111,Ginir,ET,7.1333,40.7,55.8,38,49,7.61,scattered clouds
112,Yaounde,CM,3.8667,11.5167,72.1,80,89,2.01,overcast clouds
113,Bethel,US,41.3712,-73.414,56.89,86,100,5.01,moderate rain
114,Caravelas,BR,-17.7125,-39.2481,79.65,85,100,5.35,overcast clouds
115,Sabang,ID,5.8933,95.3214,80.51,73,99,1.63,overcast clouds
116,Port Hawkesbury,CA,45.6169,-61.3485,36.99,72,0,12.66,clear sky
117,Cabo San Lucas,MX,22.8909,-109.9124,83.5,65,20,4.61,few clouds
118,Tagab,AF,34.855,69.6492,51.85,23,67,5.01,broken clouds
119,Ancud,CL,-41.8697,-73.8203,55.89,54,11,7.31,few clouds
120,Bolshoye Nagatkino,RU,54.5196,47.9679,5.52,97,37,3.65,scattered clouds
121,Srivardhan,IN,18.0333,73.0167,74.55,70,92,4.43,overcast clouds
122,Vaini,TO,-21.2,-175.2,80.76,78,75,4.61,broken clouds
123,Saint-Philippe,RE,-21.3585,55.7679,74.79,78,37,9.6,scattered clouds
124,Vostok,RU,46.4856,135.8833,-7.87,94,100,13.35,light snow
125,Mangan,IN,27.5167,88.5333,59.41,36,53,6.53,broken clouds
126,Hofn,IS,64.2539,-15.2082,48.22,100,100,14.97,mist
127,Poum,NC,-20.2333,164.0167,81.45,82,50,16.04,scattered clouds
128,Sitka,US,57.0531,-135.33,26.49,36,0,21.85,clear sky
129,Guerrero Negro,MX,27.9769,-114.0611,65.89,58,5,11.79,clear sky
130,Kourou,GF,5.1552,-52.6478,82.45,85,99,8.43,overcast clouds
131,Kaitangata,NZ,-46.2817,169.8464,53.02,57,11,8.79,few clouds
132,Nouadhibou,MR,20.931,-17.0347,65.66,76,0,17.47,clear sky
133,Thompson,CA,55.7435,-97.8558,-11.04,58,20,11.5,few clouds
134,Salisbury,GB,51.0693,-1.7957,44.02,96,20,5.75,mist
135,Honningsvag,NO,70.9821,25.9704,35.35,80,100,18.41,overcast clouds
136,Novobirilyussy,RU,56.9514,90.6661,-14.53,99,56,3.4,broken clouds
137,Berlevag,NO,70.8578,29.0864,33.8,80,0,8.05,clear sky
138,Tasiilaq,GL,65.6145,-37.6368,39.36,96,100,21.65,moderate rain
139,Dzilam Gonzalez,MX,21.2833,-88.9333,82.53,73,73,9.48,light rain
140,Birnin Kebbi,NG,12.4539,4.1975,77.02,20,9,9.64,clear sky
141,Oum Hadjer,TD,13.2954,19.6966,78.69,18,55,10.54,broken clouds
142,Coquimbo,CL,-29.9533,-71.3436,69.53,60,75,11.5,broken clouds
143,Galle,LK,6.0367,80.217,76.95,85,100,2.06,overcast clouds
144,Chuy,UY,-33.6971,-53.4616,75.52,72,15,17.05,few clouds
145,Barreirinhas,BR,-2.7469,-42.8264,83.41,61,39,10.25,scattered clouds
146,Pacific Grove,US,36.6177,-121.9166,57.54,71,0,8.01,clear sky
147,Logresti,RO,44.9,23.7,36.81,82,100,5.75,overcast clouds
148,Kaihua,CN,23.3687,104.28,61.59,96,88,6.26,overcast clouds
149,Sinnamary,GF,5.3833,-52.95,78.6,84,78,10.67,broken clouds
150,Hermanus,ZA,-34.4187,19.2345,60.8,88,48,1.36,scattered clouds
151,Kochubey,RU,44.3861,46.5825,40.48,63,84,17.92,broken clouds
152,Goderich,CA,43.7501,-81.7165,34.92,64,100,21.85,overcast clouds
153,La Ronge,CA,55.1001,-105.2842,-12.75,53,75,5.75,broken clouds
154,Ibanesti,RO,46.7667,24.9333,29.86,84,88,7.45,overcast clouds
155,Mitsamiouli,KM,-11.3847,43.2844,78.58,75,1,6.29,clear sky
156,Bhuvanagiri,IN,11.4667,79.6333,75.79,89,61,7.96,broken clouds
157,Tahoua,NE,14.8888,5.2692,80.58,22,0,2.3,clear sky
158,Sao Jose Da Coroa Grande,BR,-8.8978,-35.1478,77.31,79,100,9.75,overcast clouds
159,Barcarena,BR,-1.5058,-48.6258,86.05,71,30,7.31,scattered clouds
160,Sherlovaya Gora,RU,50.5667,116.25,-27.4,99,9,2.98,clear sky
161,Drabiv,UA,49.963,32.1529,30.43,51,79,11.41,broken clouds
162,Palmer,US,42.1584,-72.3287,57.61,82,100,7.0,moderate rain
163,Sechura,PE,-5.5569,-80.8222,75.92,62,24,17.27,few clouds
164,Sangar,RU,63.9242,127.4739,-35.1,97,99,3.62,overcast clouds
165,Yellowknife,CA,62.456,-114.3525,-17.88,76,20,4.61,few clouds
166,San Cristobal,VE,7.7669,-72.225,69.98,68,49,6.11,scattered clouds
167,Manakara,MG,-22.1333,48.0167,73.08,92,100,5.17,light rain
168,Borazjan,IR,29.2666,51.2159,72.88,72,11,0.85,few clouds
169,Pudozh,RU,61.8099,36.5345,15.57,95,100,2.55,overcast clouds
170,Cidreira,BR,-30.1811,-50.2056,71.73,90,98,16.73,overcast clouds
171,Presidencia Roque Saenz Pena,AR,-26.7852,-60.4388,102.38,17,51,6.89,broken clouds
172,Iranshahr,IR,27.2025,60.6848,62.94,22,0,4.61,clear sky
173,Amuntai,ID,-2.4177,115.2494,73.85,99,100,0.65,light rain
174,Khatanga,RU,71.9667,102.5,-39.46,100,55,5.39,broken clouds
175,Laguna,US,38.421,-121.4238,58.08,56,0,4.61,clear sky
176,Luanda,AO,-8.8368,13.2343,78.8,83,40,6.91,scattered clouds
177,Tarazona,ES,41.9,-1.7333,42.62,84,64,0.11,broken clouds
178,Nikolskoye,RU,59.7035,30.7861,24.69,86,100,3.83,overcast clouds
179,Biak,ID,-0.9131,122.8766,76.1,79,93,3.27,overcast clouds
180,Saint-Louis,SN,16.3333,-15.0,83.84,13,0,9.44,clear sky
181,Severomuysk,RU,56.1481,113.4267,-24.57,96,100,5.17,overcast clouds
182,Mount Gambier,AU,-37.8333,140.7667,52.59,96,57,3.96,broken clouds
183,Diego De Almagro,CL,-26.3667,-70.05,74.12,33,0,15.68,clear sky
184,Plock,PL,52.5468,19.7064,33.21,82,100,6.64,overcast clouds
185,Saint-Augustin,CA,51.226,-58.6502,9.46,89,99,5.39,overcast clouds
186,Balabac,PH,7.9868,117.0645,79.72,86,100,15.3,moderate rain
187,Kudahuvadhoo,MV,2.6708,72.8944,79.97,68,30,4.47,scattered clouds
188,Ifanadiana,MG,-21.3,47.6333,67.6,98,95,1.03,overcast clouds
189,Evensk,RU,61.95,159.2333,28.24,98,100,6.15,snow
190,Aksu,CN,41.1231,80.2644,15.94,20,0,2.15,clear sky
191,Katsuura,JP,35.1333,140.3,55.29,84,100,18.66,overcast clouds
192,Makanya,TZ,-4.3667,37.8333,72.39,81,100,3.6,overcast clouds
193,Matamoros,MX,25.5333,-103.25,76.1,22,0,3.44,clear sky
194,Alyangula,AU,-13.8483,136.4192,80.92,74,90,5.35,overcast clouds
195,Westport,US,41.1415,-73.3579,58.15,85,100,21.85,moderate rain
196,San Patricio,US,28.017,-97.5169,66.07,43,5,18.72,clear sky
197,Luderitz,NA,-26.6481,15.1594,63.48,78,0,10.58,clear sky
198,Bud,US,39.447,-86.1758,37.35,58,0,19.1,clear sky
199,Los Llanos De Aridane,ES,28.6585,-17.9182,65.95,71,75,13.8,broken clouds
200,Coahuayana,MX,18.7333,-103.6833,86.68,59,7,6.17,clear sky
201,Bulawayo,ZW,-20.15,28.5833,65.03,50,0,8.46,clear sky
202,Sovetsk,RU,55.0839,21.8785,31.86,97,100,5.44,overcast clouds
203,Uarini,BR,-2.99,-65.1083,85.51,73,100,2.46,overcast clouds
204,Mazatlan,MX,23.2167,-106.4167,85.96,72,20,5.01,few clouds
205,Abu Samrah,SY,35.3029,37.1841,55.81,86,95,4.03,overcast clouds
206,Katobu,ID,-4.9408,122.5276,74.77,93,100,2.35,overcast clouds
207,Aswan,EG,24.0934,32.907,70.9,30,0,4.61,clear sky
208,Msanga,TZ,-6.05,36.0333,72.21,66,69,8.46,broken clouds
209,Huarmey,PE,-10.0681,-78.1522,72.01,73,68,10.94,broken clouds
210,Ponta Do Sol,PT,32.6667,-17.1,65.03,74,4,1.14,clear sky
211,Bosaso,SO,11.2842,49.1816,77.36,76,0,3.15,clear sky
212,Krasnoselkup,RU,65.7,82.4667,-1.3,97,100,9.35,overcast clouds
213,Onega,RU,63.9061,38.1404,12.52,91,98,4.12,overcast clouds
214,Togul,RU,53.465,85.9128,-12.69,92,5,3.85,clear sky
215,Port Hardy,CA,50.6996,-127.4199,28.58,93,75,3.44,broken clouds
216,Faanui,PF,-16.4833,-151.75,79.92,77,17,13.42,few clouds
217,Vestmanna,FO,62.1564,-7.1664,47.32,93,100,19.57,drizzle rain
218,Narsaq,GL,60.9167,-46.05,28.62,89,100,1.25,overcast clouds
219,Koumac,NC,-20.5667,164.2833,81.23,77,98,4.34,overcast clouds
220,Sinjhoro,PK,26.0303,68.809,67.05,17,0,5.68,clear sky
221,San Borja,BO,-14.8167,-66.85,95.95,34,76,4.61,broken clouds
222,Northam,GB,51.0333,-4.2167,45.25,89,77,8.55,broken clouds
223,Santa Rosa,PH,14.3122,121.1114,80.58,94,100,9.91,overcast clouds
224,Buala,SB,-8.145,159.5921,79.74,83,100,4.47,light rain
225,Kargasok,RU,59.0556,80.8572,-22.49,100,16,1.81,few clouds
226,Maceio,BR,-9.6658,-35.7353,83.64,69,40,12.66,scattered clouds
227,Upernavik,GL,72.7868,-56.1549,7.92,89,100,16.37,light snow
228,Kamaishi,JP,39.2667,141.8833,35.56,59,73,8.46,broken clouds
229,Alofi,NU,-19.0595,-169.9187,80.49,83,40,6.91,scattered clouds
230,San Quintin,MX,30.4833,-115.95,61.07,63,12,10.49,few clouds
231,Bullhead City,US,35.1478,-114.5683,64.72,23,0,13.8,clear sky
232,Manzhouli,CN,49.6,117.4333,-13.38,93,23,12.08,few clouds
233,Bonnyville,CA,54.2668,-110.735,-6.48,94,100,11.68,light snow
234,Tuatapere,NZ,-46.1333,167.6833,51.39,70,88,5.1,overcast clouds
235,Wahiawa,US,21.5028,-158.0236,79.18,72,0,8.05,clear sky
236,Inhambane,MZ,-23.865,35.3833,69.78,94,75,6.91,broken clouds
237,Warrnambool,AU,-38.3833,142.4833,56.44,88,100,4.27,overcast clouds
238,Prince Rupert,CA,54.3161,-130.3201,24.49,43,0,29.93,clear sky
239,Qaanaaq,GL,77.484,-69.3632,-21.96,78,16,5.59,few clouds
240,Xunchang,CN,28.4543,104.715,39.16,92,100,3.11,overcast clouds
241,Kiama,AU,-34.6833,150.8667,64.0,84,100,3.53,overcast clouds
242,Saint George,US,37.1041,-113.5841,50.43,28,0,1.01,clear sky
243,Portland,US,45.5234,-122.6762,47.8,92,75,8.05,broken clouds
244,Dubbo,AU,-32.25,148.6167,59.13,77,40,8.05,light rain
245,Ust-Nera,RU,64.5667,143.2,-19.3,98,100,9.46,overcast clouds
246,Grand Gaube,MU,-20.0064,57.6608,76.37,71,48,1.01,scattered clouds
247,Fairbanks,US,64.8378,-147.7164,3.22,77,100,0.0,overcast clouds
248,Esperance,AU,-33.8667,121.9,64.83,66,28,14.85,scattered clouds
249,Szprotawa,PL,51.5656,15.5366,32.63,79,99,7.29,overcast clouds
250,Havre-Saint-Pierre,CA,50.2334,-63.5986,19.4,73,100,12.66,overcast clouds
251,Martapura,ID,-3.4167,114.85,75.29,94,75,2.3,broken clouds
252,Funtua,NG,11.5233,7.3081,68.61,26,3,9.8,clear sky
253,Miri,MY,4.4148,114.0089,75.34,94,40,3.44,moderate rain
254,Thouars,FR,46.976,-0.2151,42.21,90,0,7.74,clear sky
255,Dongsheng,CN,39.8161,109.9776,5.56,20,0,10.11,clear sky
256,Loreto,MX,22.2667,-101.9667,73.74,29,33,18.57,scattered clouds
257,Manhattan,US,40.7834,-73.9662,58.66,90,100,26.46,mist
258,Magaria,NE,12.9983,8.9099,70.57,21,4,6.98,clear sky
259,Ridgecrest,US,35.6225,-117.6709,54.64,28,0,1.99,clear sky
260,Montepuez,MZ,-13.1256,38.9997,73.89,67,68,7.29,broken clouds
261,Pringsewu,ID,-5.3582,104.9744,74.08,89,100,5.28,overcast clouds
262,Ilulissat,GL,69.2167,-51.1,24.82,80,75,25.32,light snow
263,Caetite,BR,-14.0694,-42.475,74.16,75,100,6.87,overcast clouds
264,Aksarka,RU,66.5606,67.7975,-8.32,99,7,3.15,clear sky
265,Margate,GB,51.3813,1.3862,48.69,89,83,3.0,broken clouds
266,Eydhafushi,MV,5.1033,73.0708,80.94,67,83,3.6,broken clouds
267,San Nicolas,PH,18.1725,120.5953,79.0,81,39,11.86,scattered clouds
268,Yulara,AU,-25.2406,130.9889,67.87,25,0,8.32,clear sky
269,Bodden Town,KY,19.2833,-81.25,86.99,65,20,11.5,few clouds
270,Bitung,ID,1.4451,125.1824,74.25,85,100,7.07,overcast clouds
271,Boyolangu,ID,-8.1181,111.8935,74.82,86,98,5.41,overcast clouds
272,Solok,ID,-0.7918,100.6593,71.06,99,100,0.6,light rain
273,Kaeo,NZ,-35.1,173.7833,61.32,87,41,10.09,scattered clouds
274,Lixourion,GR,38.2019,20.4314,57.38,94,100,5.59,overcast clouds
275,Brae,GB,60.3964,-1.353,48.16,83,99,20.56,overcast clouds
276,Beringovskiy,RU,63.05,179.3167,24.94,97,100,7.7,overcast clouds
277,Russell,US,32.3502,-85.1999,72.68,68,0,3.44,clear sky
278,Chanika,TZ,-5.4167,38.0167,68.4,95,95,4.9,overcast clouds
279,Ambon,ID,-3.6954,128.1814,78.24,15,40,5.75,scattered clouds
280,Tura,IN,25.5198,90.2201,61.63,87,2,3.49,clear sky
281,Nemuro,JP,43.3236,145.575,30.24,58,2,22.73,clear sky
282,Cabedelo,BR,-6.9811,-34.8339,83.07,67,96,11.23,overcast clouds
283,Amga,RU,60.8953,131.9608,-20.06,96,100,5.93,overcast clouds
284,Broken Hill,AU,-31.95,141.4333,60.46,47,1,13.09,clear sky
285,Miles City,US,46.4083,-105.8406,20.37,63,0,8.05,clear sky
286,Key West,US,24.5557,-81.7826,91.4,77,20,9.22,few clouds
287,Meulaboh,ID,4.1363,96.1285,75.61,89,100,3.09,overcast clouds
288,Salalah,OM,17.0151,54.0924,78.89,78,75,4.61,broken clouds
289,Sovetskiy,RU,61.3614,63.5842,2.57,95,100,2.59,overcast clouds
290,Saint-Pierre,RE,-21.3393,55.4781,74.91,73,91,4.61,overcast clouds
291,Kruisfontein,ZA,-34.0033,24.7314,66.88,81,2,6.78,clear sky
292,Khani,GE,41.9563,42.9566,47.77,78,19,5.7,few clouds
293,Hovd,MN,48.0056,91.6419,-3.41,77,100,2.28,overcast clouds
294,Fredericksburg,US,38.3032,-77.4605,60.44,86,100,12.66,overcast clouds
295,Luau,AO,-10.7073,22.2247,63.28,97,77,3.15,moderate rain
296,Gasa,PS,31.5,34.4667,64.9,69,0,6.46,clear sky
297,Cockburn Town,TC,21.4612,-71.1419,80.51,71,0,18.77,clear sky
298,Wichian Buri,TH,15.6578,101.106,78.35,84,98,2.19,moderate rain
299,The Valley,AI,18.217,-63.0578,84.81,69,40,12.66,scattered clouds
300,Mehamn,NO,71.0357,27.8492,33.75,93,75,6.91,broken clouds
301,Saskylakh,RU,71.9167,114.0833,-30.17,100,100,7.0,overcast clouds
302,Codajas,BR,-3.8367,-62.0569,89.62,56,100,2.15,overcast clouds
303,Seymchan,RU,62.8833,152.4333,-18.62,95,100,7.47,overcast clouds
304,Uray,RU,60.1247,64.7758,2.34,98,100,2.91,overcast clouds
305,Karratha,AU,-20.7377,116.8463,81.21,56,97,9.01,light rain
306,Ongandjera,NA,-17.8833,15.0667,90.91,18,60,9.28,broken clouds
307,Ryotsu,JP,38.0833,138.4333,38.32,89,100,10.29,overcast clouds
308,Lahaina,US,20.8783,-156.6825,80.94,86,64,8.52,broken clouds
309,Clarence Town,AU,-32.5833,151.7833,65.86,73,100,2.06,overcast clouds
310,Egvekinot,RU,66.3167,-179.1667,9.88,84,15,5.64,few clouds
311,Nantucket,US,41.2835,-70.0995,55.51,93,20,20.71,few clouds
312,Pontalina,BR,-17.525,-49.4472,79.86,53,84,5.79,broken clouds
313,Aripuana,BR,-9.1667,-60.6333,89.85,47,83,4.36,broken clouds
314,Midleton,IE,51.9153,-8.1805,51.58,92,100,11.25,overcast clouds
315,Cherskiy,RU,68.75,161.3,-1.52,92,100,3.42,overcast clouds
316,Weihai,CN,37.5017,122.1136,34.99,54,100,19.1,overcast clouds
317,Chimoio,MZ,-19.1164,33.4833,69.66,68,75,5.99,broken clouds
318,Galveston,US,29.3669,-94.9669,66.09,50,0,19.57,clear sky
319,Bowen,AU,-20.0167,148.2333,71.29,87,100,9.98,overcast clouds
320,Labuhan,ID,-6.8844,112.2051,76.64,86,100,10.38,overcast clouds
321,Kamphaeng Phet,TH,16.25,99.5,74.57,88,100,5.03,heavy intensity rain
322,Sawakin,SD,19.1059,37.3321,82.0,75,39,11.01,scattered clouds
323,Tarko-Sale,RU,64.9225,77.785,-11.83,97,18,6.64,few clouds
324,Ozernovskiy,RU,51.5,156.5167,29.44,88,100,14.74,light snow
325,Pevek,RU,69.7008,170.3133,-1.23,94,100,5.3,overcast clouds
326,Yar-Sale,RU,66.8333,70.8333,-9.81,100,34,4.21,scattered clouds
327,Igarka,RU,67.4667,86.5833,4.44,94,100,14.12,overcast clouds
328,Kunya,NG,12.2233,8.5325,71.76,49,0,0.0,clear sky
329,Vicuna,CL,-30.0319,-70.7081,77.77,46,1,11.21,clear sky
330,Chengde,CN,40.9725,117.9361,12.67,36,0,9.46,clear sky
331,Vestmannaeyjar,IS,63.4427,-20.2734,47.84,84,100,19.01,overcast clouds
332,Anadyr,RU,64.75,177.4833,21.7,100,0,2.24,clear sky
333,Luena,AO,-11.7833,19.9167,62.51,95,95,2.21,overcast clouds
334,Sur,OM,22.5667,59.5289,74.84,54,99,2.82,overcast clouds
335,Vao,NC,-22.6667,167.4833,77.4,85,97,6.89,overcast clouds
336,Sarai Naurang,PK,32.8259,70.7814,62.46,27,4,1.95,clear sky
337,Bansgaon,IN,26.5586,83.3481,61.65,56,0,5.55,clear sky
338,La Reforma,MX,25.0833,-108.05,82.13,35,0,8.95,clear sky
339,Kapuskasing,CA,49.4169,-82.4331,30.2,69,100,24.16,overcast clouds
340,Williston,US,48.147,-103.618,12.94,85,30,5.03,scattered clouds
341,Bengkulu,ID,-3.8004,102.2655,74.52,88,100,3.76,overcast clouds
342,Pokhara,NP,28.2333,83.9833,58.68,42,0,5.01,clear sky
343,Rawson,AR,-43.3002,-65.1023,67.55,46,48,21.36,scattered clouds
344,Dabat,ET,12.9842,37.765,59.18,37,61,3.22,broken clouds
345,Bonfim,BR,3.0833,-59.95,87.82,56,70,6.96,broken clouds
346,Moranbah,AU,-22.0016,148.0466,64.06,87,100,11.74,overcast clouds
347,Nishihara,JP,26.1842,127.7558,65.48,91,100,17.27,overcast clouds
348,Norman Wells,CA,65.282,-126.8329,-14.76,76,100,2.3,light snow
349,Fukue,JP,32.6881,128.8419,48.51,66,100,22.48,overcast clouds
350,Chattanooga,US,35.0456,-85.3097,55.15,42,20,11.5,few clouds
351,Provideniya,RU,64.3833,-173.3,24.84,94,35,9.1,scattered clouds
352,Balaipungut,ID,1.05,101.2833,72.7,99,100,2.77,overcast clouds
353,Eatonton,US,33.3268,-83.3885,68.23,83,14,12.15,few clouds
354,Mareeba,AU,-17.0,145.4333,70.52,97,99,1.81,light rain
355,Bambous Virieux,MU,-20.3428,57.7575,76.21,78,40,4.61,light rain
356,Chapais,CA,49.7834,-74.8492,24.58,97,100,15.19,snow
357,Lethbridge,CA,49.7,-112.8186,12.69,79,100,9.22,overcast clouds
358,Rundu,NA,-17.9333,19.7667,77.38,30,22,5.32,few clouds
359,Novouralsk,RU,57.2439,60.0839,3.61,100,100,2.15,overcast clouds
360,Pekan,MY,3.4836,103.3996,78.96,88,100,6.53,light rain
361,Homer,US,59.6425,-151.5483,24.04,65,0,8.99,clear sky
362,Maragogi,BR,-9.0122,-35.2225,77.11,80,100,9.82,overcast clouds
363,Bandar-E Lengeh,IR,26.5579,54.8807,76.73,53,78,2.35,broken clouds
364,Karatuzskoye,RU,53.6072,92.8667,-11.99,100,32,1.21,scattered clouds
365,Pingliang,CN,35.5392,106.6861,17.31,29,83,0.49,broken clouds
366,Necochea,AR,-38.5473,-58.7368,60.57,74,100,15.32,overcast clouds
367,Ternate,ID,0.8,127.4,80.76,81,100,6.33,overcast clouds
368,Ranau,MY,5.9538,116.6641,69.73,99,100,1.61,overcast clouds
369,Seda,LV,57.65,25.75,27.05,93,100,3.53,overcast clouds
370,Moron,AR,-34.6534,-58.6198,78.98,62,75,9.13,broken clouds
371,Paamiut,GL,61.994,-49.6678,26.11,85,100,46.95,overcast clouds
372,Kloulklubed,PW,7.0419,134.2556,79.3,76,100,17.0,overcast clouds
373,Chunskiy,RU,56.0815,99.6342,-1.95,87,100,13.38,overcast clouds
374,Parry Sound,CA,45.3501,-80.033,37.45,75,100,22.77,overcast clouds
375,Porto Nacional,BR,-10.7081,-48.4172,80.6,79,100,4.05,overcast clouds
376,Pirgos,GR,35.1167,25.7178,63.63,76,25,12.3,light rain
377,Husavik,IS,66.0449,-17.3389,42.06,88,99,13.04,light rain
378,Okhotsk,RU,59.3833,143.3,2.16,97,100,19.98,light snow
379,Roanoke,US,37.271,-79.9414,58.01,72,75,23.02,broken clouds
380,Opelousas,US,30.5335,-92.0815,64.29,38,0,19.57,clear sky
381,Shingu,JP,33.7333,135.9833,46.0,73,92,6.98,overcast clouds
382,Kumano,JP,34.3442,132.5894,43.72,66,94,4.92,overcast clouds
383,Pundaguitan,PH,6.3711,126.1689,80.02,84,100,14.27,overcast clouds
384,Asau,RO,46.4333,26.4,33.28,93,100,3.36,overcast clouds
385,Derbent,RU,42.0678,48.2899,43.93,70,100,9.98,overcast clouds
386,Sivaki,RU,52.6333,126.75,-13.67,79,12,11.77,few clouds
387,Haines Junction,CA,60.7522,-137.5108,-23.85,76,100,0.0,overcast clouds
388,Svetlaya,RU,46.5389,138.3297,2.91,68,64,16.4,broken clouds
389,Sao Gabriel Da Cachoeira,BR,-0.1303,-67.0892,89.4,62,40,5.75,scattered clouds
390,Kathu,TH,7.9178,98.3332,85.75,73,97,5.91,overcast clouds
391,Eyl,SO,7.9803,49.8164,77.76,80,9,13.58,clear sky
392,Zhezkazgan,KZ,47.8043,67.7144,20.39,95,100,6.33,light snow
393,Nome,US,64.5011,-165.4064,24.87,86,100,14.97,snow
394,Monsenhor Gil,BR,-5.5642,-42.6078,87.06,52,83,0.27,broken clouds
395,Abu Dhabi,AE,24.4667,54.3667,78.82,84,100,3.44,overcast clouds
396,Orlovskiy,RU,46.8714,42.0592,27.18,35,8,18.63,clear sky
397,Kulhudhuffushi,MV,6.6221,73.07,81.54,67,49,2.66,scattered clouds
398,Tomatlan,MX,19.9333,-105.25,87.01,50,6,6.46,clear sky
399,Kayerkan,RU,69.3497,87.7602,-3.33,99,100,3.31,overcast clouds
400,Muhos,FI,64.808,25.9931,26.89,98,100,2.55,light snow
401,Tual,ID,-5.6667,132.75,82.02,78,100,23.94,overcast clouds
402,Gornyak,RU,50.9942,81.4661,-18.45,98,46,3.51,scattered clouds
403,Terra Santa,BR,-2.1042,-56.4869,86.31,62,100,2.66,overcast clouds
404,Kongolo,CD,-5.3833,27.0,69.4,96,100,1.88,light rain
405,Bandarbeyla,SO,9.4942,50.8122,78.06,82,11,15.32,light rain
406,Sale,MA,34.0389,-6.8166,56.75,100,47,3.44,scattered clouds
407,Kampot,KH,10.6167,104.1833,77.05,86,82,1.45,broken clouds
408,Henties Bay,NA,-22.116,14.2845,61.11,87,4,6.02,clear sky
409,Harper,LR,4.375,-7.7169,79.16,81,75,4.72,broken clouds
410,Corner Brook,CA,48.9667,-57.9484,23.16,96,75,2.51,broken clouds
411,Pulandian,CN,39.3953,121.9669,24.35,41,56,10.2,broken clouds
412,West Odessa,US,31.8424,-102.4988,43.41,46,0,8.05,clear sky
413,Faxinal,BR,-24.0003,-51.3194,69.73,88,72,2.68,light rain
414,Veroia,GR,40.5233,22.2036,50.68,95,100,1.99,overcast clouds
415,Kholmogory,RU,64.2229,41.656,19.69,85,100,2.51,overcast clouds
416,Isiro,CD,2.7739,27.616,66.16,99,98,2.62,overcast clouds
417,Iskateley,RU,67.6803,53.1512,4.48,96,12,7.96,few clouds
418,Faya,SA,18.3851,42.4509,60.91,77,79,3.09,broken clouds
419,Olafsvik,IS,64.8945,-23.7142,45.77,85,100,19.77,light rain
420,Lompoc,US,34.6391,-120.4579,64.78,73,100,5.75,overcast clouds
421,Talnakh,RU,69.4865,88.3972,-2.22,99,100,4.74,overcast clouds
422,Palembang,ID,-2.9167,104.7458,74.8,95,99,4.68,overcast clouds
423,Jaciara,BR,-15.9653,-54.9683,90.03,38,62,8.99,broken clouds
424,Zaragoza,ES,41.6561,-0.8773,50.02,80,0,3.0,clear sky
425,Palana,RU,59.1167,159.9667,25.75,95,100,5.48,snow
426,Kasongo-Lunda,CD,-6.4667,16.8167,67.55,95,88,0.94,overcast clouds
427,Nenjiang,CN,49.1833,125.2167,-22.38,93,14,4.0,few clouds
428,Lagoa,PT,39.05,-27.9833,62.08,75,1,7.72,clear sky
429,Isangel,VU,-19.55,169.2667,81.54,78,100,6.38,overcast clouds
430,Ca Mau,VN,9.1769,105.15,75.65,95,100,6.02,overcast clouds
431,Annau,TM,37.8876,58.516,38.7,100,100,6.91,light intensity drizzle
432,Chaman,PK,30.9236,66.4512,52.16,38,58,1.05,broken clouds
433,Paka,MY,4.6374,103.4368,76.98,94,92,0.0,overcast clouds
434,Mana,GF,5.6592,-53.7767,79.09,83,35,9.26,scattered clouds
435,Brigantine,US,39.4101,-74.3646,58.19,95,100,17.27,moderate rain
436,Klaksvik,FO,62.2266,-6.589,49.12,89,100,31.47,light rain
437,Rosetta,EG,31.4044,30.4164,65.12,68,0,7.58,clear sky
438,Namibe,AO,-15.1961,12.1522,70.0,74,75,8.81,broken clouds
439,Khislavichi,RU,54.1871,32.1582,19.98,88,100,7.67,overcast clouds
440,Ugoofaaru,MV,5.6667,73.0,81.12,67,29,2.89,scattered clouds
441,Puro,PH,12.4841,123.3827,79.68,85,100,12.19,overcast clouds
442,Pleasanton,US,37.6624,-121.8747,58.55,57,0,5.01,clear sky
443,Bacungan,PH,9.9106,118.7022,78.85,82,97,4.5,overcast clouds
444,Youkounkoun,GN,12.5333,-13.1333,83.41,32,18,1.68,few clouds
445,Sola,VU,-13.8833,167.55,81.93,75,52,13.6,broken clouds
446,Alenquer,BR,-1.9417,-54.7383,85.71,63,61,0.83,broken clouds
447,Powell,US,40.1578,-83.0752,38.61,58,20,21.85,few clouds
448,Pacifica,US,37.6138,-122.4869,58.68,67,20,8.05,few clouds
449,Bukene,TZ,-4.2333,32.8833,69.91,77,98,0.92,light rain
450,Noyabrsk,RU,63.1994,75.4507,-17.79,100,13,4.68,few clouds
451,Bilma,NE,18.6853,12.9164,67.68,29,6,7.23,clear sky
452,Manokwari,ID,-0.8667,134.0833,77.25,82,100,3.83,overcast clouds
453,Narasannapeta,IN,18.4167,84.05,71.55,78,0,6.33,clear sky
454,Saint-Francois,FR,46.4154,3.9054,42.67,87,100,4.61,overcast clouds
455,Conakry,GN,9.538,-13.6773,82.2,75,27,9.84,scattered clouds
456,Quatre Cocos,MU,-20.2078,57.7625,76.08,77,36,9.73,light rain
457,Hualmay,PE,-11.0964,-77.6139,71.44,73,85,11.18,overcast clouds
458,Sunland Park,US,31.7965,-106.58,63.01,30,0,7.0,clear sky
459,Bonavista,CA,48.6499,-53.1147,27.63,77,74,10.11,broken clouds
460,Aranos,NA,-24.1333,19.1167,77.31,41,80,10.54,broken clouds
461,Zyryanka,RU,65.75,150.85,-16.06,98,100,11.83,light snow
462,Saint Anthony,US,45.0205,-93.218,19.76,66,75,25.32,broken clouds
463,Salinopolis,BR,-0.6136,-47.3561,81.25,72,100,6.71,overcast clouds
464,Kavaratti,IN,10.5669,72.642,81.3,74,5,3.69,clear sky
465,Kavieng,PG,-2.5744,150.7967,81.45,74,38,2.62,scattered clouds
466,Artigas,UY,-30.4,-56.4667,95.34,24,99,8.72,overcast clouds
467,Hokitika,NZ,-42.7167,170.9667,54.73,87,100,7.92,overcast clouds
468,Ayan,RU,56.45,138.1667,-7.38,86,100,26.82,overcast clouds
469,Taoudenni,ML,22.6783,-3.9836,68.72,16,0,10.25,clear sky
470,Oskemen,KZ,49.9565,82.6119,-20.07,68,75,2.24,fog
471,Haradok,BY,55.4624,29.9816,15.91,94,23,5.1,few clouds
472,Tiksi,RU,71.6872,128.8694,-12.08,100,100,13.42,overcast clouds
473,College,US,64.8569,-147.8028,2.21,76,75,0.0,broken clouds
474,Clyde River,CA,70.4692,-68.5914,-23.57,69,0,3.44,clear sky
475,Sambava,MG,-14.2667,50.1667,74.44,87,5,2.8,light rain
476,Consett,GB,54.854,-1.8316,36.43,89,59,2.13,broken clouds
477,Gillette,US,44.2911,-105.5022,30.81,55,0,18.41,clear sky
478,Puerto Baquerizo Moreno,EC,-0.9,-89.6,72.59,83,75,13.8,broken clouds
479,El Torno,BO,-17.9919,-63.3824,81.27,34,40,11.3,scattered clouds
480,Reforma,MX,18.1,-91.0167,86.72,57,18,4.83,few clouds
481,Guinguineo,SN,14.2667,-15.95,89.42,33,0,0.0,clear sky
482,Aklavik,CA,68.2191,-135.0107,-2.2,84,100,2.3,overcast clouds
483,Ekangala,ZA,-25.6962,28.7492,72.3,42,2,7.61,clear sky
484,Korla,CN,41.7597,86.1469,15.71,18,77,4.72,broken clouds
485,Takoradi,GH,4.8845,-1.7554,79.75,81,100,5.82,overcast clouds
486,Yanam,IN,16.7333,82.2167,73.09,88,0,4.05,clear sky
487,Pombas,CV,17.1503,-25.0201,74.98,67,56,12.73,broken clouds
488,Domoni,KM,-12.2569,44.5319,77.52,80,12,2.53,few clouds
489,Lokosovo,RU,61.1333,74.8167,-17.82,99,47,2.28,scattered clouds
490,Neiafu,TO,-18.65,-173.9833,79.7,80,100,12.37,overcast clouds
491,Riyadh,SA,24.6877,46.7219,68.14,30,19,7.9,few clouds
492,Broome,US,42.2506,-75.833,50.85,93,100,13.8,heavy intensity rain
493,Vozhega,RU,60.4725,40.2213,9.23,97,74,2.01,broken clouds
494,Kontagora,NG,10.3999,5.4695,77.61,29,50,3.09,scattered clouds
495,Arkhipo-Osipovka,RU,44.37,38.52,42.84,73,29,11.5,scattered clouds
496,Callaway,US,30.153,-85.5699,73.45,86,100,8.05,overcast clouds
497,New Plymouth,NZ,-39.0667,174.0833,61.56,100,8,6.55,clear sky
498,Swan Hill,AU,-35.3378,143.5544,53.28,73,4,9.44,clear sky
499,Dunedin,NZ,-45.8742,170.5036,54.81,65,8,7.0,clear sky
500,Mantua,IT,45.1667,10.7833,45.21,84,95,1.99,overcast clouds
501,Makakilo City,US,21.3469,-158.0858,79.99,68,0,4.61,clear sky
502,San Ramon,US,37.7799,-121.978,57.51,58,0,5.01,clear sky
503,Markova,UA,48.6758,24.4138,31.19,97,100,3.96,overcast clouds
504,Mariental,NA,-24.6333,17.9667,76.86,43,100,8.25,overcast clouds
505,Bathsheba,BB,13.2167,-59.5167,81.21,69,75,19.57,light intensity shower rain
506,Clermont,FR,49.5,2.4167,43.72,97,17,7.36,few clouds
507,Thinadhoo,MV,0.5333,72.9333,80.51,67,26,5.39,scattered clouds
508,Bambanglipuro,ID,-7.95,110.2833,77.09,80,100,3.87,overcast clouds
509,Hambantota,LK,6.1241,81.1185,76.05,90,100,7.74,overcast clouds
510,Rocha,UY,-34.4833,-54.3333,81.36,58,30,16.98,scattered clouds
511,Capreol,CA,46.706,-80.9225,32.56,69,100,21.85,overcast clouds
512,Baglung,NP,28.2719,83.5898,55.08,51,0,5.61,clear sky
513,Puerto Del Rosario,ES,28.5004,-13.8627,67.75,73,40,8.05,scattered clouds
514,Viedma,AR,-40.8135,-62.9967,67.39,35,76,15.93,broken clouds
515,Maldonado,UY,-34.6667,-54.9167,85.39,40,19,14.45,few clouds
516,Codrington,AU,-38.2667,141.9667,55.67,92,76,2.42,broken clouds
517,Tabuk,PH,17.4189,121.4443,74.08,93,71,2.42,broken clouds
518,Te Anau,NZ,-45.4167,167.7167,45.91,86,86,2.55,overcast clouds
519,Temecula,US,33.4936,-117.1484,64.65,63,0,4.61,clear sky
520,Emerald,AU,-23.5333,148.1667,62.35,91,95,16.11,overcast clouds
521,Tigil,RU,57.8,158.6667,23.68,97,100,3.42,light snow
522,Klyuchi,RU,52.2667,79.1667,-5.57,86,8,8.23,clear sky
523,Watsa,CD,3.0372,29.5355,64.71,97,100,2.91,overcast clouds
524,Praia,CV,14.9215,-23.5087,75.74,69,73,17.27,haze
525,Abeche,TD,13.8292,20.8324,76.84,19,2,8.79,clear sky
526,Jacareacanga,BR,-6.2222,-57.7528,87.15,60,100,2.82,overcast clouds
527,San Ramon De La Nueva Oran,AR,-23.1322,-64.326,98.42,35,90,3.33,overcast clouds
528,Omboue,GA,-1.5746,9.2618,77.2,88,100,6.29,overcast clouds
529,Moussoro,TD,13.6408,16.4901,77.36,13,6,9.51,clear sky
530,Mwinilunga,ZM,-11.7358,24.4293,61.97,93,12,2.01,few clouds
531,Odweyne,SO,9.4092,45.064,68.23,41,7,5.77,clear sky
532,Maumere,ID,-8.6199,122.2111,79.12,80,100,1.74,overcast clouds
533,Bograd,RU,54.2344,90.8328,-10.71,90,5,2.84,clear sky
534,Antofagasta,CL,-23.65,-70.4,69.08,68,1,9.15,clear sky
535,Vardo,NO,70.3705,31.1107,30.18,86,20,12.66,few clouds
536,Nipawin,CA,53.3668,-104.0009,-9.36,70,100,5.75,overcast clouds
537,Lorengau,PG,-2.0226,147.2712,80.89,79,99,4.68,overcast clouds
538,Sherpur,BD,25.0188,90.0175,64.8,63,0,4.07,clear sky
539,Kirakira,SB,-10.4544,161.9205,80.33,80,100,0.29,overcast clouds
540,Bhuj,IN,23.2667,69.6667,67.44,40,0,4.16,clear sky
541,Santa Maria Da Vitoria,BR,-13.3947,-44.1886,76.57,83,100,3.58,overcast clouds
542,Kununurra,AU,-15.7667,128.7333,71.58,94,97,0.0,overcast clouds
543,Vuktyl,RU,63.8567,57.3094,-2.27,100,84,2.13,broken clouds
544,Champerico,GT,14.3,-91.9167,91.94,73,12,8.75,few clouds
545,Nelson Bay,AU,-32.7167,152.15,66.99,78,100,8.01,overcast clouds
546,Cottbus,DE,51.7667,14.3333,32.97,94,94,5.01,overcast clouds
547,Torbay,CA,47.6666,-52.7314,25.57,78,20,9.22,few clouds
548,Port Blair,IN,11.6667,92.75,80.38,83,97,7.11,overcast clouds
549,Coihaique,CL,-45.5752,-72.0662,58.95,38,20,12.66,few clouds
550,Bako,ET,5.7833,36.5667,72.99,37,100,1.01,overcast clouds
551,Daru,PG,-9.0763,143.2092,76.41,92,100,7.85,heavy intensity rain
552,Verkhnyaya Toyma,RU,62.2349,44.9985,18.64,84,99,2.93,overcast clouds
553,Antalaha,MG,-14.9003,50.2788,71.96,92,7,3.76,clear sky
554,Moorhead,US,46.8739,-96.7676,12.22,67,75,19.57,broken clouds
555,Birao,CF,10.2849,22.7882,81.36,29,100,4.52,overcast clouds
556,Ballina,AU,-28.8667,153.5667,60.01,99,100,18.25,light rain
557,Shu,KZ,43.5983,73.7614,36.7,94,100,17.31,light rain
558,Kahului,US,20.8947,-156.47,81.97,85,40,8.99,scattered clouds
559,San Carlos Del Zulia,VE,9.0,-71.9135,82.87,72,97,2.04,overcast clouds
560,Tazovskiy,RU,67.4667,78.7,-5.84,100,99,7.07,overcast clouds
561,Dana Point,US,33.467,-117.6981,65.59,66,76,5.99,broken clouds
562,Tomohon,ID,1.3346,124.8392,65.34,94,100,2.24,overcast clouds
563,Yingcheng,CN,30.95,113.55,31.05,42,100,9.55,overcast clouds
564,Biltine,TD,14.5333,20.9167,77.4,19,9,7.45,clear sky
565,Comodoro Rivadavia,AR,-45.8667,-67.5,64.26,42,0,16.11,clear sky
566,Marsabit,KE,2.3284,37.9899,68.49,61,100,5.97,overcast clouds
567,Lyaskelya,RU,61.7667,31.0167,27.21,89,100,4.14,light snow
568,Kamenka,RU,51.3223,42.7678,22.3,47,0,6.22,clear sky
569,Telimele,GN,10.9167,-13.3333,76.37,56,18,1.7,few clouds
570,Flinders,AU,-34.5833,150.8552,62.19,82,100,4.0,overcast clouds
571,Bilibino,RU,68.0546,166.4372,8.04,94,100,3.71,overcast clouds
572,Eirunepe,BR,-6.6603,-69.8736,87.89,59,98,4.81,overcast clouds
573,Atar,MR,20.5169,-13.0499,74.03,15,8,6.31,clear sky
574,Eslov,SE,55.8393,13.3039,38.43,94,100,6.29,light rain
575,Colares,PT,38.7992,-9.4469,59.77,96,75,13.0,broken clouds
576,Troitsko-Pechorsk,RU,62.7084,56.1964,-1.16,100,84,1.92,broken clouds
577,Yenangyaung,MM,20.4667,94.8833,75.13,64,3,4.63,clear sky
578,Krutinka,RU,56.0055,71.5113,-5.49,86,33,7.29,scattered clouds
579,Geraldton,AU,-28.7667,114.6,68.41,68,100,6.91,overcast clouds
580,Calvinia,ZA,-31.4707,19.776,71.01,38,4,4.94,clear sky
581,Burnie,AU,-41.0667,145.9167,49.95,66,0,9.82,clear sky
582,Mayumba,GA,-3.432,10.6554,77.38,89,65,6.35,broken clouds
583,Sayyan,YE,15.1718,44.3244,50.86,36,0,3.29,clear sky
584,Orthez,FR,43.4884,-0.7724,43.77,88,63,5.1,broken clouds
585,Ixtapa,MX,20.7,-105.2,86.47,42,77,6.35,broken clouds
586,Morecambe,GB,54.0684,-2.8611,40.05,95,79,1.99,broken clouds
587,Novosemeykino,RU,53.3833,50.3667,14.95,85,100,6.71,mist
588,Kabelvag,NO,68.2114,14.4817,39.42,75,75,5.75,broken clouds
589,Arroio Grande,BR,-32.2375,-53.0869,80.8,60,15,17.78,few clouds
590,Hami,CN,42.8,93.45,10.89,23,75,0.81,broken clouds
591,Sabla,NG,12.7525,4.7077,75.92,19,16,9.91,few clouds
592,Kushiro,JP,42.975,144.3747,26.56,46,26,23.55,scattered clouds
593,Bull Savanna,JM,17.8868,-77.5902,80.85,67,25,5.61,scattered clouds
594,Iquique,CL,-20.2208,-70.1431,71.64,71,0,11.41,clear sky
595,Yelizovo,RU,53.1873,158.3805,28.54,92,40,2.24,scattered clouds
596,Mindelo,CV,16.8901,-24.9804,76.55,61,20,21.85,few clouds
597,Banda Aceh,ID,5.5577,95.3222,77.83,80,100,2.48,overcast clouds
598,Bubaque,GW,11.2833,-15.8333,81.84,66,25,11.72,scattered clouds
599,Isla Vista,US,34.4133,-119.861,65.79,65,75,8.05,broken clouds
600,Batagay,RU,67.6333,134.6333,-26.09,99,100,1.59,overcast clouds
601,Ajdabiya,LY,30.7554,20.2263,63.32,54,0,10.54,clear sky
602,Athabasca,CA,54.7169,-113.2854,-7.19,90,100,11.27,light snow
603,Atambua,ID,-9.1061,124.8925,73.26,90,100,0.38,overcast clouds
604,Acapulco,MX,16.8634,-99.8901,83.48,65,33,6.85,scattered clouds
605,Usinsk,RU,65.9939,57.5281,-8.99,100,99,4.18,overcast clouds
606,Kendari,ID,-3.945,122.4989,75.51,94,100,2.24,light rain
607,Tadine,NC,-21.55,167.8833,80.37,78,51,5.57,broken clouds
608,Shahdadkot,PK,27.8477,67.9055,66.51,21,4,2.24,clear sky
609,Baruun-Urt,MN,46.6806,113.2792,-9.76,81,2,11.1,clear sky
610,Manado,ID,1.487,124.8455,74.17,100,40,2.3,scattered clouds
611,Batagay-Alyta,RU,67.8006,130.4114,-13.81,97,100,6.73,light snow
612,Cabinda,AO,-5.55,12.2,80.74,83,20,3.44,few clouds
613,Dawei,MM,14.0833,98.2,74.52,92,94,3.36,overcast clouds
614,Idil,TR,37.3411,41.8895,49.93,93,75,16.11,broken clouds
615,Krasnyy Chikoy,RU,50.3643,108.7512,0.1,85,100,11.79,overcast clouds
616,Camacupa,AO,-12.0167,17.4833,61.72,95,39,2.62,light rain
617,Mount Isa,AU,-20.7333,139.5,69.57,56,0,6.91,clear sky
618,Sirajganj,BD,24.45,89.7167,71.98,66,0,6.82,clear sky
619,Langsa,ID,4.4683,97.9683,74.44,94,100,3.13,overcast clouds
620,Grindavik,IS,63.8424,-22.4338,46.35,100,75,13.8,broken clouds
621,Makhinjauri,GE,41.6739,41.694,53.46,100,75,3.44,broken clouds
622,Gravdal,NO,68.1214,13.5031,39.09,81,75,3.44,broken clouds
623,Melo,UY,-32.3667,-54.1833,81.59,53,95,16.15,overcast clouds
624,Raipur,IN,21.2333,81.6333,64.02,55,0,3.31,clear sky
625,Mabama,TZ,-5.1333,32.5333,67.26,90,100,4.74,light rain
626,Trincomalee,LK,8.5711,81.2335,79.77,80,69,6.85,broken clouds
627,Mayo,US,38.8876,-76.5119,59.11,89,100,12.66,overcast clouds
628,Point Pleasant,US,40.0832,-74.0682,59.34,89,100,17.27,moderate rain
629,Port Hedland,AU,-20.3167,118.5667,78.85,89,62,4.61,broken clouds
630,Kalmunai,LK,7.4167,81.8167,77.38,84,89,1.59,overcast clouds
631,San Carlos De Bariloche,AR,-41.1456,-71.3082,62.35,22,0,20.71,clear sky
632,Lhokseumawe,ID,5.1801,97.1507,77.79,82,100,4.41,overcast clouds
633,Sabha,LY,27.0377,14.4283,54.75,32,0,6.53,clear sky
634,Bontang,ID,0.1333,117.5,75.92,88,92,3.56,overcast clouds
635,Alekseyevsk,RU,57.8406,108.3492,-1.97,96,100,11.41,light snow
636,Qaqortoq,GL,60.7167,-46.0333,23.92,89,100,2.1,overcast clouds
637,Ust-Kuyga,RU,70.0167,135.6,-10.53,97,100,8.84,overcast clouds
638,Vodnyy,RU,63.5046,53.4095,-0.76,100,92,2.39,overcast clouds
639,Khandyga,RU,62.6667,135.6,-32.75,97,100,1.01,overcast clouds
640,Zatoka,UA,46.0725,30.4654,42.15,73,100,15.1,overcast clouds
641,Laurel,US,39.0993,-76.8483,58.62,90,100,11.5,overcast clouds
642,Namatanai,PG,-3.6667,152.4333,79.21,80,72,2.68,broken clouds
643,Lazaro Cardenas,MX,17.9583,-102.2,83.1,62,4,7.11,clear sky
644,Methoni,GR,36.8197,21.7049,56.21,82,100,15.48,overcast clouds
645,Nova Londrina,BR,-22.7658,-52.985,90.97,35,53,11.59,broken clouds
646,Belmonte,BR,-15.8631,-38.8828,78.96,88,100,8.66,overcast clouds
647,Puerto Leguizamo,CO,-0.1934,-74.7819,83.59,64,97,6.44,overcast clouds
648,Bac Lieu,VN,9.285,105.7244,79.2,86,100,16.69,moderate rain
649,Port Keats,AU,-14.25,129.55,80.71,67,98,0.67,overcast clouds
650,Abbeville,FR,50.1,1.8333,43.25,83,100,5.53,overcast clouds
651,Beira,MZ,-19.8436,34.8389,73.49,78,20,5.01,few clouds
652,Celestun,MX,20.8667,-90.4,83.77,66,34,12.93,scattered clouds
653,Clovis,US,36.8252,-119.7029,64.67,55,75,6.91,broken clouds
654,Gurlan,UZ,41.8447,60.3919,21.11,55,6,5.06,clear sky
655,Ketchikan,US,55.3422,-131.6461,23.47,33,0,10.36,clear sky
656,Kieta,PG,-6.2167,155.6333,79.07,85,99,5.23,light rain
657,Takanabe,JP,32.1333,131.5,46.74,68,77,3.67,broken clouds
658,Ishigaki,JP,24.3448,124.1572,69.93,94,75,26.46,broken clouds
659,Saint-Hyacinthe,CA,45.6168,-72.9491,44.15,93,100,23.76,moderate rain
660,Shelburne,CA,44.0787,-80.2041,32.45,81,97,23.09,overcast clouds
661,Ottumwa,US,41.02,-92.4113,32.54,51,0,17.27,clear sky
662,Imbituba,BR,-28.24,-48.6703,74.86,96,100,14.9,overcast clouds
663,Glace Bay,CA,46.1969,-59.957,34.79,73,75,11.5,broken clouds
664,Tabou,CI,4.423,-7.3528,79.25,80,70,4.72,broken clouds
665,Uige,AO,-7.6087,15.0613,67.15,98,100,0.65,overcast clouds
666,Kutum,SD,14.2,24.6667,73.99,25,5,7.05,clear sky
667,Goundam,ML,16.4145,-3.6708,81.05,12,85,7.49,overcast clouds
668,Concepcion Del Uruguay,AR,-32.4825,-58.2372,94.98,36,99,7.02,overcast clouds
669,Porto Walter,BR,-8.2686,-72.7439,95.2,35,100,3.2,overcast clouds
670,San Andres,CO,12.5847,-81.7006,86.02,70,40,16.11,scattered clouds
671,Auki,SB,-8.7676,160.7034,78.13,85,100,3.11,moderate rain
672,Tineo,ES,43.3376,-6.4145,46.65,92,20,2.75,few clouds
673,Matay,EG,28.419,30.7792,62.92,43,0,3.22,clear sky
674,Dicabisagan,PH,17.0818,122.4157,78.69,87,100,7.09,overcast clouds
675,Angoche,MZ,-16.2325,39.9086,75.33,82,100,4.61,overcast clouds
676,Estacion Coahuila,MX,32.1939,-115.0017,67.86,24,5,2.75,clear sky
677,Sfantu Gheorghe,RO,45.8667,25.7833,33.93,89,100,5.41,overcast clouds
678,Paraiso,CR,9.8383,-83.8656,71.51,97,100,2.95,overcast clouds
679,Beloha,MG,-25.1667,45.05,70.14,91,100,9.8,overcast clouds
680,Akyab,MM,20.15,92.9,76.44,85,0,8.97,clear sky
681,Lishui,CN,28.4604,119.9103,36.3,95,100,3.56,overcast clouds
682,Tessalit,ML,20.1986,1.0114,73.54,17,36,6.35,scattered clouds
683,Kimbe,PG,-5.5502,150.1429,75.16,95,83,2.57,broken clouds
684,Murray Bridge,AU,-35.1167,139.2667,54.34,83,15,5.46,few clouds
685,Dingle,PH,10.9995,122.6711,75.42,93,98,7.45,moderate rain
686,Boa Vista,BR,2.8197,-60.6733,89.58,51,40,12.66,scattered clouds
687,Belaya Gora,RU,68.5333,146.4167,-14.69,99,100,0.63,light snow
688,Mizdah,LY,31.4451,12.9801,53.47,54,1,8.32,clear sky
689,Bethanien,NA,-26.502,17.1583,82.53,29,41,7.05,scattered clouds
690,Road Town,VG,18.4167,-64.6167,84.29,78,40,8.05,scattered clouds
691,Erenhot,CN,43.6475,111.9767,3.06,68,61,10.4,broken clouds
692,Buraydah,SA,26.326,43.975,72.05,55,48,11.43,scattered clouds
693,Kidal,ML,18.4411,1.4078,76.57,17,70,7.09,broken clouds
694,Anloga,GH,5.7947,0.8973,81.14,80,79,9.84,broken clouds
695,Panzhihua,CN,26.5851,101.7128,51.58,79,0,1.74,clear sky
696,Spas-Demensk,RU,54.4122,34.0226,21.02,81,100,6.31,overcast clouds
